<?xml version="1.0" encoding="UTF-8" standalone="yes"?>
<addon id="plugin.video.klugscheisserbuilds2.0" name="klugscheisserbuilds" version="1.0.0" provider-name="www.klugscheisserbuilds.wordpress.com">
  <requires>
    <import addon="xbmc.python" version="2.1.0"/>
  </requires>
  <extension point="xbmc.python.pluginsource" library="default.py">
        <provides>video executable</provides>
  </extension>
  <extension point="xbmc.addon.metadata">
    <summary lang="en">KLUGSCHEISSER Wizard</summary>
    <description lang="en">KLUGSCHEISSER FÜR DEIN KODI</description>
    <platform>all</platform>
  </extension>
</addon>
